filename,category
10344379.pdf,ADVOCATE
10395944.pdf,AVIATION
10567764.pdf,AVIATION
10659182.pdf,TEACHER
10818478.pdf,APPAREL
10876132.pdf,AUTOMOBILE
10945968.pdf,AVIATION
10953078.pdf,HEALTHCARE
11137306.pdf,AVIATION
11169163.pdf,AVIATION
11174187.pdf,ADVOCATE
11183737.pdf,BPO
11188218.pdf,ADVOCATE
11197262.pdf,AGRICULTURE
11232471.pdf,APPAREL
11270462.pdf,DIGITAL-MEDIA
11333001.pdf,AVIATION
11336022.pdf,TEACHER
11409460.pdf,AVIATION
11616482.pdf,TEACHER
11676151.pdf,HEALTHCARE
11677012.pdf,DIGITAL-MEDIA
11677077.pdf,APPAREL
11759079.pdf,ACCOUNTANT
11773767.pdf,ADVOCATE
11813872.pdf,BANKING
11877150.pdf,FINANCE
11887930.pdf,AUTOMOBILE
11943065.pdf,TEACHER
11995013.pdf,ARTS
12059610.pdf,APPAREL
12065211.pdf,ACCOUNTANT
12071138.pdf,FINANCE
12085736.pdf,DIGITAL-MEDIA
12202337.pdf,ACCOUNTANT
12334650.pdf,CHEF
12338274.pdf,ACCOUNTANT
12341902.pdf,HR
12386670.pdf,ARTS
12413512.pdf,ARTS
12442909.pdf,ACCOUNTANT
12467531.pdf,TEACHER
12587973.pdf,TEACHER
12777487.pdf,TEACHER
12780508.pdf,ACCOUNTANT
12802330.pdf,ACCOUNTANT
12858898.pdf,FINANCE
13087952.pdf,TEACHER
13272204.pdf,AUTOMOBILE
13296856.pdf,TEACHER
13328680.pdf,DIGITAL-MEDIA
13343786.pdf,HR
13503650.pdf,DIGITAL-MEDIA
13964744.pdf,BPO
14106638.pdf,FINANCE
14150896.pdf,ARTS
14225422.pdf,HR
14248724.pdf,AGRICULTURE
14256329.pdf,HR
14455622.pdf,AVIATION
14508237.pdf,AUTOMOBILE
14640322.pdf,HR
14886205.pdf,HR
15041689.pdf,HR
15100547.pdf,AUTOMOBILE
15145575.pdf,BPO
15210069.pdf,BANKING
15375009.pdf,HR
15573418.pdf,BUSINESS-DEVELOPMENT
16492045.pdf,BPO
